vertical,use_case_id,technology_id,awarded_observation_count,raw_value_p25,raw_value_median,raw_value_p75,assumption_template_status,greenfield_low_annual_value_eur,greenfield_central_annual_value_eur,greenfield_high_annual_value_eur,expansion_low_annual_value_eur,expansion_central_annual_value_eur,expansion_high_annual_value_eur,public_low_annual_value_eur,public_central_annual_value_eur,public_high_annual_value_eur,currency,basis,method,source_reference,review_status,reviewer_notes
Aerospace,anomaly-detection,cybersecurity-platform,0,,,,no_awarded_comparable_evidence,,,,,,,,,,,No taxonomy-linked awarded comparable evidence; an external public comparable or approved business assumption is required,Validate greenfield and expansion annual EUR values for SBS verticals; for Public/Gov validate one annual value per observed procurement-active buyer. Report P25 / median / P75 for the applicable segment only,analysis2/reference/market_sizing/comparable_contract_observations.csv,required,
Aerospace,anomaly-detection,machine-learning,0,,,,no_awarded_comparable_evidence,,,,,,,,,,,No taxonomy-linked awarded comparable evidence; an external public comparable or approved business assumption is required,Validate greenfield and expansion annual EUR values for SBS verticals; for Public/Gov validate one annual value per observed procurement-active buyer. Report P25 / median / P75 for the applicable segment only,analysis2/reference/market_sizing/comparable_contract_observations.csv,required,
Aerospace,asset-tracking,autonomous-vehicles-drones,0,,,,no_awarded_comparable_evidence,,,,,,,,,,,No taxonomy-linked awarded comparable evidence; an external public comparable or approved business assumption is required,Validate greenfield and expansion annual EUR values for SBS verticals; for Public/Gov validate one annual value per observed procurement-active buyer. Report P25 / median / P75 for the applicable segment only,analysis2/reference/market_sizing/comparable_contract_observations.csv,required,
Aerospace,asset-tracking,blockchain-distributed-ledger,0,,,,no_awarded_comparable_evidence,,,,,,,,,,,No taxonomy-linked awarded comparable evidence; an external public comparable or approved business assumption is required,Validate greenfield and expansion annual EUR values for SBS verticals; for Public/Gov validate one annual value per observed procurement-active buyer. Report P25 / median / P75 for the applicable segment only,analysis2/reference/market_sizing/comparable_contract_observations.csv,required,
Aerospace,asset-tracking,computer-vision,0,,,,no_awarded_comparable_evidence,,,,,,,,,,,No taxonomy-linked awarded comparable evidence; an external public comparable or approved business assumption is required,Validate greenfield and expansion annual EUR values for SBS verticals; for Public/Gov validate one annual value per observed procurement-active buyer. Report P25 / median / P75 for the applicable segment only,analysis2/reference/market_sizing/comparable_contract_observations.csv,required,
Aerospace,asset-tracking,industrial-robotics,0,,,,no_awarded_comparable_evidence,,,,,,,,,,,No taxonomy-linked awarded comparable evidence; an external public comparable or approved business assumption is required,Validate greenfield and expansion annual EUR values for SBS verticals; for Public/Gov validate one annual value per observed procurement-active buyer. Report P25 / median / P75 for the applicable segment only,analysis2/reference/market_sizing/comparable_contract_observations.csv,required,
Aerospace,asset-tracking,iot-platforms,0,,,,no_awarded_comparable_evidence,,,,,,,,,,,No taxonomy-linked awarded comparable evidence; an external public comparable or approved business assumption is required,Validate greenfield and expansion annual EUR values for SBS verticals; for Public/Gov validate one annual value per observed procurement-active buyer. Report P25 / median / P75 for the applicable segment only,analysis2/reference/market_sizing/comparable_contract_observations.csv,required,
Aerospace,automated-inspection-defect-detection,computer-vision,0,,,,no_awarded_comparable_evidence,,,,,,,,,,,No taxonomy-linked awarded comparable evidence; an external public comparable or approved business assumption is required,Validate greenfield and expansion annual EUR values for SBS verticals; for Public/Gov validate one annual value per observed procurement-active buyer. Report P25 / median / P75 for the applicable segment only,analysis2/reference/market_sizing/comparable_contract_observations.csv,required,
Aerospace,automated-inspection-defect-detection,industrial-robotics,0,,,,no_awarded_comparable_evidence,,,,,,,,,,,No taxonomy-linked awarded comparable evidence; an external public comparable or approved business assumption is required,Validate greenfield and expansion annual EUR values for SBS verticals; for Public/Gov validate one annual value per observed procurement-active buyer. Report P25 / median / P75 for the applicable segment only,analysis2/reference/market_sizing/comparable_contract_observations.csv,required,
Aerospace,automated-inspection-defect-detection,iot-platforms,0,,,,no_awarded_comparable_evidence,,,,,,,,,,,No taxonomy-linked awarded comparable evidence; an external public comparable or approved business assumption is required,Validate greenfield and expansion annual EUR values for SBS verticals; for Public/Gov validate one annual value per observed procurement-active buyer. Report P25 / median / P75 for the applicable segment only,analysis2/reference/market_sizing/comparable_contract_observations.csv,required,
Aerospace,compliance-monitoring,connectivity-5g,0,,,,no_awarded_comparable_evidence,,,,,,,,,,,No taxonomy-linked awarded comparable evidence; an external public comparable or approved business assumption is required,Validate greenfield and expansion annual EUR values for SBS verticals; for Public/Gov validate one annual value per observed procurement-active buyer. Report P25 / median / P75 for the applicable segment only,analysis2/reference/market_sizing/comparable_contract_observations.csv,required,
Aerospace,diagnostic-support,computer-vision,0,,,,no_awarded_comparable_evidence,,,,,,,,,,,No taxonomy-linked awarded comparable evidence; an external public comparable or approved business assumption is required,Validate greenfield and expansion annual EUR values for SBS verticals; for Public/Gov validate one annual value per observed procurement-active buyer. Report P25 / median / P75 for the applicable segment only,analysis2/reference/market_sizing/comparable_contract_observations.csv,required,
Aerospace,environmental-emissions-monitoring,cloud-data-platform,0,,,,no_awarded_comparable_evidence,,,,,,,,,,,No taxonomy-linked awarded comparable evidence; an external public comparable or approved business assumption is required,Validate greenfield and expansion annual EUR values for SBS verticals; for Public/Gov validate one annual value per observed procurement-active buyer. Report P25 / median / P75 for the applicable segment only,analysis2/reference/market_sizing/comparable_contract_observations.csv,required,
Aerospace,environmental-emissions-monitoring,computer-vision,0,,,,no_awarded_comparable_evidence,,,,,,,,,,,No taxonomy-linked awarded comparable evidence; an external public comparable or approved business assumption is required,Validate greenfield and expansion annual EUR values for SBS verticals; for Public/Gov validate one annual value per observed procurement-active buyer. Report P25 / median / P75 for the applicable segment only,analysis2/reference/market_sizing/comparable_contract_observations.csv,required,
Aerospace,environmental-emissions-monitoring,digital-twin,0,,,,no_awarded_comparable_evidence,,,,,,,,,,,No taxonomy-linked awarded comparable evidence; an external public comparable or approved business assumption is required,Validate greenfield and expansion annual EUR values for SBS verticals; for Public/Gov validate one annual value per observed procurement-active buyer. Report P25 / median / P75 for the applicable segment only,analysis2/reference/market_sizing/comparable_contract_observations.csv,required,
Aerospace,environmental-emissions-monitoring,iot-platforms,0,,,,no_awarded_comparable_evidence,,,,,,,,,,,No taxonomy-linked awarded comparable evidence; an external public comparable or approved business assumption is required,Validate greenfield and expansion annual EUR values for SBS verticals; for Public/Gov validate one annual value per observed procurement-active buyer. Report P25 / median / P75 for the applicable segment only,analysis2/reference/market_sizing/comparable_contract_observations.csv,required,
Aerospace,environmental-emissions-monitoring,machine-learning,0,,,,no_awarded_comparable_evidence,,,,,,,,,,,No taxonomy-linked awarded comparable evidence; an external public comparable or approved business assumption is required,Validate greenfield and expansion annual EUR values for SBS verticals; for Public/Gov validate one annual value per observed procurement-active buyer. Report P25 / median / P75 for the applicable segment only,analysis2/reference/market_sizing/comparable_contract_observations.csv,required,
Aerospace,network-optimization,connectivity-5g,0,,,,no_awarded_comparable_evidence,,,,,,,,,,,No taxonomy-linked awarded comparable evidence; an external public comparable or approved business assumption is required,Validate greenfield and expansion annual EUR values for SBS verticals; for Public/Gov validate one annual value per observed procurement-active buyer. Report P25 / median / P75 for the applicable segment only,analysis2/reference/market_sizing/comparable_contract_observations.csv,required,
Aerospace,network-optimization,iot-platforms,0,,,,no_awarded_comparable_evidence,,,,,,,,,,,No taxonomy-linked awarded comparable evidence; an external public comparable or approved business assumption is required,Validate greenfield and expansion annual EUR values for SBS verticals; for Public/Gov validate one annual value per observed procurement-active buyer. Report P25 / median / P75 for the applicable segment only,analysis2/reference/market_sizing/comparable_contract_observations.csv,required,
Aerospace,precision-agriculture,computer-vision,0,,,,no_awarded_comparable_evidence,,,,,,,,,,,No taxonomy-linked awarded comparable evidence; an external public comparable or approved business assumption is required,Validate greenfield and expansion annual EUR values for SBS verticals; for Public/Gov validate one annual value per observed procurement-active buyer. Report P25 / median / P75 for the applicable segment only,analysis2/reference/market_sizing/comparable_contract_observations.csv,required,
Aerospace,precision-agriculture,iot-platforms,0,,,,no_awarded_comparable_evidence,,,,,,,,,,,No taxonomy-linked awarded comparable evidence; an external public comparable or approved business assumption is required,Validate greenfield and expansion annual EUR values for SBS verticals; for Public/Gov validate one annual value per observed procurement-active buyer. Report P25 / median / P75 for the applicable segment only,analysis2/reference/market_sizing/comparable_contract_observations.csv,required,
Aerospace,predictive-maintenance,autonomous-vehicles-drones,0,,,,no_awarded_comparable_evidence,,,,,,,,,,,No taxonomy-linked awarded comparable evidence; an external public comparable or approved business assumption is required,Validate greenfield and expansion annual EUR values for SBS verticals; for Public/Gov validate one annual value per observed procurement-active buyer. Report P25 / median / P75 for the applicable segment only,analysis2/reference/market_sizing/comparable_contract_observations.csv,required,
Aerospace,predictive-maintenance,digital-twin,0,,,,no_awarded_comparable_evidence,,,,,,,,,,,No taxonomy-linked awarded comparable evidence; an external public comparable or approved business assumption is required,Validate greenfield and expansion annual EUR values for SBS verticals; for Public/Gov validate one annual value per observed procurement-active buyer. Report P25 / median / P75 for the applicable segment only,analysis2/reference/market_sizing/comparable_contract_observations.csv,required,
Aerospace,predictive-maintenance,edge-computing,0,,,,no_awarded_comparable_evidence,,,,,,,,,,,No taxonomy-linked awarded comparable evidence; an external public comparable or approved business assumption is required,Validate greenfield and expansion annual EUR values for SBS verticals; for Public/Gov validate one annual value per observed procurement-active buyer. Report P25 / median / P75 for the applicable segment only,analysis2/reference/market_sizing/comparable_contract_observations.csv,required,
Aerospace,predictive-maintenance,industrial-robotics,0,,,,no_awarded_comparable_evidence,,,,,,,,,,,No taxonomy-linked awarded comparable evidence; an external public comparable or approved business assumption is required,Validate greenfield and expansion annual EUR values for SBS verticals; for Public/Gov validate one annual value per observed procurement-active buyer. Report P25 / median / P75 for the applicable segment only,analysis2/reference/market_sizing/comparable_contract_observations.csv,required,
Aerospace,predictive-maintenance,iot-platforms,0,,,,no_awarded_comparable_evidence,,,,,,,,,,,No taxonomy-linked awarded comparable evidence; an external public comparable or approved business assumption is required,Validate greenfield and expansion annual EUR values for SBS verticals; for Public/Gov validate one annual value per observed procurement-active buyer. Report P25 / median / P75 for the applicable segment only,analysis2/reference/market_sizing/comparable_contract_observations.csv,required,
Aerospace,route-optimization,autonomous-vehicles-drones,0,,,,no_awarded_comparable_evidence,,,,,,,,,,,No taxonomy-linked awarded comparable evidence; an external public comparable or approved business assumption is required,Validate greenfield and expansion annual EUR values for SBS verticals; for Public/Gov validate one annual value per observed procurement-active buyer. Report P25 / median / P75 for the applicable segment only,analysis2/reference/market_sizing/comparable_contract_observations.csv,required,
Automotive,anomaly-detection,computer-vision,0,,,,no_awarded_comparable_evidence,,,,,,,,,,,No taxonomy-linked awarded comparable evidence; an external public comparable or approved business assumption is required,Validate greenfield and expansion annual EUR values for SBS verticals; for Public/Gov validate one annual value per observed procurement-active buyer. Report P25 / median / P75 for the applicable segment only,analysis2/reference/market_sizing/comparable_contract_observations.csv,required,
Automotive,anomaly-detection,cybersecurity-platform,0,,,,no_awarded_comparable_evidence,,,,,,,,,,,No taxonomy-linked awarded comparable evidence; an external public comparable or approved business assumption is required,Validate greenfield and expansion annual EUR values for SBS verticals; for Public/Gov validate one annual value per observed procurement-active buyer. Report P25 / median / P75 for the applicable segment only,analysis2/reference/market_sizing/comparable_contract_observations.csv,required,
Automotive,anomaly-detection,machine-learning,0,,,,no_awarded_comparable_evidence,,,,,,,,,,,No taxonomy-linked awarded comparable evidence; an external public comparable or approved business assumption is required,Validate greenfield and expansion annual EUR values for SBS verticals; for Public/Gov validate one annual value per observed procurement-active buyer. Report P25 / median / P75 for the applicable segment only,analysis2/reference/market_sizing/comparable_contract_observations.csv,required,
Automotive,asset-tracking,autonomous-vehicles-drones,0,,,,no_awarded_comparable_evidence,,,,,,,,,,,No taxonomy-linked awarded comparable evidence; an external public comparable or approved business assumption is required,Validate greenfield and expansion annual EUR values for SBS verticals; for Public/Gov validate one annual value per observed procurement-active buyer. Report P25 / median / P75 for the applicable segment only,analysis2/reference/market_sizing/comparable_contract_observations.csv,required,
Automotive,asset-tracking,cloud-data-platform,0,,,,no_awarded_comparable_evidence,,,,,,,,,,,No taxonomy-linked awarded comparable evidence; an external public comparable or approved business assumption is required,Validate greenfield and expansion annual EUR values for SBS verticals; for Public/Gov validate one annual value per observed procurement-active buyer. Report P25 / median / P75 for the applicable segment only,analysis2/reference/market_sizing/comparable_contract_observations.csv,required,
Automotive,asset-tracking,digital-twin,0,,,,no_awarded_comparable_evidence,,,,,,,,,,,No taxonomy-linked awarded comparable evidence; an external public comparable or approved business assumption is required,Validate greenfield and expansion annual EUR values for SBS verticals; for Public/Gov validate one annual value per observed procurement-active buyer. Report P25 / median / P75 for the applicable segment only,analysis2/reference/market_sizing/comparable_contract_observations.csv,required,
Automotive,asset-tracking,iot-platforms,1,530000.0,530000.0,530000.0,insufficient_awarded_observations,,,,,,,,,,,"TED awarded comparable contracts exist; currency, scope and duration must be validated",Validate greenfield and expansion annual EUR values for SBS verticals; for Public/Gov validate one annual value per observed procurement-active buyer. Report P25 / median / P75 for the applicable segment only,analysis2/reference/market_sizing/comparable_contract_observations.csv,required,
Automotive,asset-tracking,rfid-asset-tagging,0,,,,no_awarded_comparable_evidence,,,,,,,,,,,No taxonomy-linked awarded comparable evidence; an external public comparable or approved business assumption is required,Validate greenfield and expansion annual EUR values for SBS verticals; for Public/Gov validate one annual value per observed procurement-active buyer. Report P25 / median / P75 for the applicable segment only,analysis2/reference/market_sizing/comparable_contract_observations.csv,required,
Automotive,automated-inspection-defect-detection,computer-vision,0,,,,no_awarded_comparable_evidence,,,,,,,,,,,No taxonomy-linked awarded comparable evidence; an external public comparable or approved business assumption is required,Validate greenfield and expansion annual EUR values for SBS verticals; for Public/Gov validate one annual value per observed procurement-active buyer. Report P25 / median / P75 for the applicable segment only,analysis2/reference/market_sizing/comparable_contract_observations.csv,required,
Automotive,compliance-monitoring,cloud-data-platform,0,,,,no_awarded_comparable_evidence,,,,,,,,,,,No taxonomy-linked awarded comparable evidence; an external public comparable or approved business assumption is required,Validate greenfield and expansion annual EUR values for SBS verticals; for Public/Gov validate one annual value per observed procurement-active buyer. Report P25 / median / P75 for the applicable segment only,analysis2/reference/market_sizing/comparable_contract_observations.csv,required,
Automotive,compliance-monitoring,computer-vision,0,,,,no_awarded_comparable_evidence,,,,,,,,,,,No taxonomy-linked awarded comparable evidence; an external public comparable or approved business assumption is required,Validate greenfield and expansion annual EUR values for SBS verticals; for Public/Gov validate one annual value per observed procurement-active buyer. Report P25 / median / P75 for the applicable segment only,analysis2/reference/market_sizing/comparable_contract_observations.csv,required,
Automotive,compliance-monitoring,cybersecurity-platform,0,,,,no_awarded_comparable_evidence,,,,,,,,,,,No taxonomy-linked awarded comparable evidence; an external public comparable or approved business assumption is required,Validate greenfield and expansion annual EUR values for SBS verticals; for Public/Gov validate one annual value per observed procurement-active buyer. Report P25 / median / P75 for the applicable segment only,analysis2/reference/market_sizing/comparable_contract_observations.csv,required,
Automotive,compliance-monitoring,iot-platforms,0,,,,no_awarded_comparable_evidence,,,,,,,,,,,No taxonomy-linked awarded comparable evidence; an external public comparable or approved business assumption is required,Validate greenfield and expansion annual EUR values for SBS verticals; for Public/Gov validate one annual value per observed procurement-active buyer. Report P25 / median / P75 for the applicable segment only,analysis2/reference/market_sizing/comparable_contract_observations.csv,required,
Automotive,energy-optimization,iot-platforms,0,,,,no_awarded_comparable_evidence,,,,,,,,,,,No taxonomy-linked awarded comparable evidence; an external public comparable or approved business assumption is required,Validate greenfield and expansion annual EUR values for SBS verticals; for Public/Gov validate one annual value per observed procurement-active buyer. Report P25 / median / P75 for the applicable segment only,analysis2/reference/market_sizing/comparable_contract_observations.csv,required,
Automotive,energy-optimization,machine-learning,0,,,,no_awarded_comparable_evidence,,,,,,,,,,,No taxonomy-linked awarded comparable evidence; an external public comparable or approved business assumption is required,Validate greenfield and expansion annual EUR values for SBS verticals; for Public/Gov validate one annual value per observed procurement-active buyer. Report P25 / median / P75 for the applicable segment only,analysis2/reference/market_sizing/comparable_contract_observations.csv,required,
Automotive,environmental-emissions-monitoring,machine-learning,0,,,,no_awarded_comparable_evidence,,,,,,,,,,,No taxonomy-linked awarded comparable evidence; an external public comparable or approved business assumption is required,Validate greenfield and expansion annual EUR values for SBS verticals; for Public/Gov validate one annual value per observed procurement-active buyer. Report P25 / median / P75 for the applicable segment only,analysis2/reference/market_sizing/comparable_contract_observations.csv,required,
Automotive,fraud-detection,machine-learning,0,,,,no_awarded_comparable_evidence,,,,,,,,,,,No taxonomy-linked awarded comparable evidence; an external public comparable or approved business assumption is required,Validate greenfield and expansion annual EUR values for SBS verticals; for Public/Gov validate one annual value per observed procurement-active buyer. Report P25 / median / P75 for the applicable segment only,analysis2/reference/market_sizing/comparable_contract_observations.csv,required,
Automotive,network-optimization,digital-twin,0,,,,no_awarded_comparable_evidence,,,,,,,,,,,No taxonomy-linked awarded comparable evidence; an external public comparable or approved business assumption is required,Validate greenfield and expansion annual EUR values for SBS verticals; for Public/Gov validate one annual value per observed procurement-active buyer. Report P25 / median / P75 for the applicable segment only,analysis2/reference/market_sizing/comparable_contract_observations.csv,required,
Automotive,predictive-maintenance,digital-twin,0,,,,no_awarded_comparable_evidence,,,,,,,,,,,No taxonomy-linked awarded comparable evidence; an external public comparable or approved business assumption is required,Validate greenfield and expansion annual EUR values for SBS verticals; for Public/Gov validate one annual value per observed procurement-active buyer. Report P25 / median / P75 for the applicable segment only,analysis2/reference/market_sizing/comparable_contract_observations.csv,required,
Automotive,predictive-maintenance,industrial-robotics,0,,,,no_awarded_comparable_evidence,,,,,,,,,,,No taxonomy-linked awarded comparable evidence; an external public comparable or approved business assumption is required,Validate greenfield and expansion annual EUR values for SBS verticals; for Public/Gov validate one annual value per observed procurement-active buyer. Report P25 / median / P75 for the applicable segment only,analysis2/reference/market_sizing/comparable_contract_observations.csv,required,
Automotive,predictive-maintenance,machine-learning,1,24000000.0,24000000.0,24000000.0,insufficient_awarded_observations,,,,,,,,,,,"TED awarded comparable contracts exist; currency, scope and duration must be validated",Validate greenfield and expansion annual EUR values for SBS verticals; for Public/Gov validate one annual value per observed procurement-active buyer. Report P25 / median / P75 for the applicable segment only,analysis2/reference/market_sizing/comparable_contract_observations.csv,required,
Automotive,risk-scoring,computer-vision,0,,,,no_awarded_comparable_evidence,,,,,,,,,,,No taxonomy-linked awarded comparable evidence; an external public comparable or approved business assumption is required,Validate greenfield and expansion annual EUR values for SBS verticals; for Public/Gov validate one annual value per observed procurement-active buyer. Report P25 / median / P75 for the applicable segment only,analysis2/reference/market_sizing/comparable_contract_observations.csv,required,
Automotive,route-optimization,autonomous-vehicles-drones,0,,,,no_awarded_comparable_evidence,,,,,,,,,,,No taxonomy-linked awarded comparable evidence; an external public comparable or approved business assumption is required,Validate greenfield and expansion annual EUR values for SBS verticals; for Public/Gov validate one annual value per observed procurement-active buyer. Report P25 / median / P75 for the applicable segment only,analysis2/reference/market_sizing/comparable_contract_observations.csv,required,
Automotive,route-optimization,digital-twin,0,,,,no_awarded_comparable_evidence,,,,,,,,,,,No taxonomy-linked awarded comparable evidence; an external public comparable or approved business assumption is required,Validate greenfield and expansion annual EUR values for SBS verticals; for Public/Gov validate one annual value per observed procurement-active buyer. Report P25 / median / P75 for the applicable segment only,analysis2/reference/market_sizing/comparable_contract_observations.csv,required,
Automotive,route-optimization,machine-learning,0,,,,no_awarded_comparable_evidence,,,,,,,,,,,No taxonomy-linked awarded comparable evidence; an external public comparable or approved business assumption is required,Validate greenfield and expansion annual EUR values for SBS verticals; for Public/Gov validate one annual value per observed procurement-active buyer. Report P25 / median / P75 for the applicable segment only,analysis2/reference/market_sizing/comparable_contract_observations.csv,required,
Defense,anomaly-detection,cloud-data-platform,0,,,,no_awarded_comparable_evidence,,,,,,,,,,,No taxonomy-linked awarded comparable evidence; an external public comparable or approved business assumption is required,Validate greenfield and expansion annual EUR values for SBS verticals; for Public/Gov validate one annual value per observed procurement-active buyer. Report P25 / median / P75 for the applicable segment only,analysis2/reference/market_sizing/comparable_contract_observations.csv,required,
Defense,anomaly-detection,computer-vision,0,,,,no_awarded_comparable_evidence,,,,,,,,,,,No taxonomy-linked awarded comparable evidence; an external public comparable or approved business assumption is required,Validate greenfield and expansion annual EUR values for SBS verticals; for Public/Gov validate one annual value per observed procurement-active buyer. Report P25 / median / P75 for the applicable segment only,analysis2/reference/market_sizing/comparable_contract_observations.csv,required,
Defense,anomaly-detection,digital-twin,0,,,,no_awarded_comparable_evidence,,,,,,,,,,,No taxonomy-linked awarded comparable evidence; an external public comparable or approved business assumption is required,Validate greenfield and expansion annual EUR values for SBS verticals; for Public/Gov validate one annual value per observed procurement-active buyer. Report P25 / median / P75 for the applicable segment only,analysis2/reference/market_sizing/comparable_contract_observations.csv,required,
Defense,anomaly-detection,iot-platforms,0,,,,no_awarded_comparable_evidence,,,,,,,,,,,No taxonomy-linked awarded comparable evidence; an external public comparable or approved business assumption is required,Validate greenfield and expansion annual EUR values for SBS verticals; for Public/Gov validate one annual value per observed procurement-active buyer. Report P25 / median / P75 for the applicable segment only,analysis2/reference/market_sizing/comparable_contract_observations.csv,required,
Defense,anomaly-detection,machine-learning,0,,,,no_awarded_comparable_evidence,,,,,,,,,,,No taxonomy-linked awarded comparable evidence; an external public comparable or approved business assumption is required,Validate greenfield and expansion annual EUR values for SBS verticals; for Public/Gov validate one annual value per observed procurement-active buyer. Report P25 / median / P75 for the applicable segment only,analysis2/reference/market_sizing/comparable_contract_observations.csv,required,
Defense,asset-tracking,autonomous-vehicles-drones,0,,,,no_awarded_comparable_evidence,,,,,,,,,,,No taxonomy-linked awarded comparable evidence; an external public comparable or approved business assumption is required,Validate greenfield and expansion annual EUR values for SBS verticals; for Public/Gov validate one annual value per observed procurement-active buyer. Report P25 / median / P75 for the applicable segment only,analysis2/reference/market_sizing/comparable_contract_observations.csv,required,
Defense,asset-tracking,computer-vision,0,,,,no_awarded_comparable_evidence,,,,,,,,,,,No taxonomy-linked awarded comparable evidence; an external public comparable or approved business assumption is required,Validate greenfield and expansion annual EUR values for SBS verticals; for Public/Gov validate one annual value per observed procurement-active buyer. Report P25 / median / P75 for the applicable segment only,analysis2/reference/market_sizing/comparable_contract_observations.csv,required,
Defense,asset-tracking,iot-platforms,0,,,,no_awarded_comparable_evidence,,,,,,,,,,,No taxonomy-linked awarded comparable evidence; an external public comparable or approved business assumption is required,Validate greenfield and expansion annual EUR values for SBS verticals; for Public/Gov validate one annual value per observed procurement-active buyer. Report P25 / median / P75 for the applicable segment only,analysis2/reference/market_sizing/comparable_contract_observations.csv,required,
Defense,automated-inspection-defect-detection,iot-platforms,0,,,,no_awarded_comparable_evidence,,,,,,,,,,,No taxonomy-linked awarded comparable evidence; an external public comparable or approved business assumption is required,Validate greenfield and expansion annual EUR values for SBS verticals; for Public/Gov validate one annual value per observed procurement-active buyer. Report P25 / median / P75 for the applicable segment only,analysis2/reference/market_sizing/comparable_contract_observations.csv,required,
Defense,compliance-monitoring,blockchain-distributed-ledger,0,,,,no_awarded_comparable_evidence,,,,,,,,,,,No taxonomy-linked awarded comparable evidence; an external public comparable or approved business assumption is required,Validate greenfield and expansion annual EUR values for SBS verticals; for Public/Gov validate one annual value per observed procurement-active buyer. Report P25 / median / P75 for the applicable segment only,analysis2/reference/market_sizing/comparable_contract_observations.csv,required,
Defense,compliance-monitoring,cloud-data-platform,0,,,,no_awarded_comparable_evidence,,,,,,,,,,,No taxonomy-linked awarded comparable evidence; an external public comparable or approved business assumption is required,Validate greenfield and expansion annual EUR values for SBS verticals; for Public/Gov validate one annual value per observed procurement-active buyer. Report P25 / median / P75 for the applicable segment only,analysis2/reference/market_sizing/comparable_contract_observations.csv,required,
Defense,compliance-monitoring,cybersecurity-platform,0,,,,no_awarded_comparable_evidence,,,,,,,,,,,No taxonomy-linked awarded comparable evidence; an external public comparable or approved business assumption is required,Validate greenfield and expansion annual EUR values for SBS verticals; for Public/Gov validate one annual value per observed procurement-active buyer. Report P25 / median / P75 for the applicable segment only,analysis2/reference/market_sizing/comparable_contract_observations.csv,required,
Defense,compliance-monitoring,edge-computing,0,,,,no_awarded_comparable_evidence,,,,,,,,,,,No taxonomy-linked awarded comparable evidence; an external public comparable or approved business assumption is required,Validate greenfield and expansion annual EUR values for SBS verticals; for Public/Gov validate one annual value per observed procurement-active buyer. Report P25 / median / P75 for the applicable segment only,analysis2/reference/market_sizing/comparable_contract_observations.csv,required,
Defense,compliance-monitoring,iot-platforms,1,170000.0,170000.0,170000.0,insufficient_awarded_observations,,,,,,,,,,,"TED awarded comparable contracts exist; currency, scope and duration must be validated",Validate greenfield and expansion annual EUR values for SBS verticals; for Public/Gov validate one annual value per observed procurement-active buyer. Report P25 / median / P75 for the applicable segment only,analysis2/reference/market_sizing/comparable_contract_observations.csv,required,
Defense,compliance-monitoring,machine-learning,0,,,,no_awarded_comparable_evidence,,,,,,,,,,,No taxonomy-linked awarded comparable evidence; an external public comparable or approved business assumption is required,Validate greenfield and expansion annual EUR values for SBS verticals; for Public/Gov validate one annual value per observed procurement-active buyer. Report P25 / median / P75 for the applicable segment only,analysis2/reference/market_sizing/comparable_contract_observations.csv,required,
Defense,energy-optimization,digital-twin,0,,,,no_awarded_comparable_evidence,,,,,,,,,,,No taxonomy-linked awarded comparable evidence; an external public comparable or approved business assumption is required,Validate greenfield and expansion annual EUR values for SBS verticals; for Public/Gov validate one annual value per observed procurement-active buyer. Report P25 / median / P75 for the applicable segment only,analysis2/reference/market_sizing/comparable_contract_observations.csv,required,
Defense,environmental-emissions-monitoring,cloud-data-platform,0,,,,no_awarded_comparable_evidence,,,,,,,,,,,No taxonomy-linked awarded comparable evidence; an external public comparable or approved business assumption is required,Validate greenfield and expansion annual EUR values for SBS verticals; for Public/Gov validate one annual value per observed procurement-active buyer. Report P25 / median / P75 for the applicable segment only,analysis2/reference/market_sizing/comparable_contract_observations.csv,required,
Defense,environmental-emissions-monitoring,iot-platforms,0,,,,no_awarded_comparable_evidence,,,,,,,,,,,No taxonomy-linked awarded comparable evidence; an external public comparable or approved business assumption is required,Validate greenfield and expansion annual EUR values for SBS verticals; for Public/Gov validate one annual value per observed procurement-active buyer. Report P25 / median / P75 for the applicable segment only,analysis2/reference/market_sizing/comparable_contract_observations.csv,required,
Defense,fraud-detection,computer-vision,0,,,,no_awarded_comparable_evidence,,,,,,,,,,,No taxonomy-linked awarded comparable evidence; an external public comparable or approved business assumption is required,Validate greenfield and expansion annual EUR values for SBS verticals; for Public/Gov validate one annual value per observed procurement-active buyer. Report P25 / median / P75 for the applicable segment only,analysis2/reference/market_sizing/comparable_contract_observations.csv,required,
Defense,it-operations-automation,cybersecurity-platform,0,,,,no_awarded_comparable_evidence,,,,,,,,,,,No taxonomy-linked awarded comparable evidence; an external public comparable or approved business assumption is required,Validate greenfield and expansion annual EUR values for SBS verticals; for Public/Gov validate one annual value per observed procurement-active buyer. Report P25 / median / P75 for the applicable segment only,analysis2/reference/market_sizing/comparable_contract_observations.csv,required,
Defense,kyc-aml-automation,blockchain-distributed-ledger,0,,,,no_awarded_comparable_evidence,,,,,,,,,,,No taxonomy-linked awarded comparable evidence; an external public comparable or approved business assumption is required,Validate greenfield and expansion annual EUR values for SBS verticals; for Public/Gov validate one annual value per observed procurement-active buyer. Report P25 / median / P75 for the applicable segment only,analysis2/reference/market_sizing/comparable_contract_observations.csv,required,
Defense,network-optimization,cybersecurity-platform,0,,,,no_awarded_comparable_evidence,,,,,,,,,,,No taxonomy-linked awarded comparable evidence; an external public comparable or approved business assumption is required,Validate greenfield and expansion annual EUR values for SBS verticals; for Public/Gov validate one annual value per observed procurement-active buyer. Report P25 / median / P75 for the applicable segment only,analysis2/reference/market_sizing/comparable_contract_observations.csv,required,
Defense,route-optimization,machine-learning,0,,,,no_awarded_comparable_evidence,,,,,,,,,,,No taxonomy-linked awarded comparable evidence; an external public comparable or approved business assumption is required,Validate greenfield and expansion annual EUR values for SBS verticals; for Public/Gov validate one annual value per observed procurement-active buyer. Report P25 / median / P75 for the applicable segment only,analysis2/reference/market_sizing/comparable_contract_observations.csv,required,
Energy,anomaly-detection,cybersecurity-platform,0,,,,no_awarded_comparable_evidence,,,,,,,,,,,No taxonomy-linked awarded comparable evidence; an external public comparable or approved business assumption is required,Validate greenfield and expansion annual EUR values for SBS verticals; for Public/Gov validate one annual value per observed procurement-active buyer. Report P25 / median / P75 for the applicable segment only,analysis2/reference/market_sizing/comparable_contract_observations.csv,required,
Energy,automated-inspection-defect-detection,industrial-robotics,0,,,,no_awarded_comparable_evidence,,,,,,,,,,,No taxonomy-linked awarded comparable evidence; an external public comparable or approved business assumption is required,Validate greenfield and expansion annual EUR values for SBS verticals; for Public/Gov validate one annual value per observed procurement-active buyer. Report P25 / median / P75 for the applicable segment only,analysis2/reference/market_sizing/comparable_contract_observations.csv,required,
Energy,compliance-monitoring,cybersecurity-platform,0,,,,no_awarded_comparable_evidence,,,,,,,,,,,No taxonomy-linked awarded comparable evidence; an external public comparable or approved business assumption is required,Validate greenfield and expansion annual EUR values for SBS verticals; for Public/Gov validate one annual value per observed procurement-active buyer. Report P25 / median / P75 for the applicable segment only,analysis2/reference/market_sizing/comparable_contract_observations.csv,required,
Energy,energy-optimization,blockchain-distributed-ledger,0,,,,no_awarded_comparable_evidence,,,,,,,,,,,No taxonomy-linked awarded comparable evidence; an external public comparable or approved business assumption is required,Validate greenfield and expansion annual EUR values for SBS verticals; for Public/Gov validate one annual value per observed procurement-active buyer. Report P25 / median / P75 for the applicable segment only,analysis2/reference/market_sizing/comparable_contract_observations.csv,required,
Energy,energy-optimization,cloud-data-platform,0,,,,no_awarded_comparable_evidence,,,,,,,,,,,No taxonomy-linked awarded comparable evidence; an external public comparable or approved business assumption is required,Validate greenfield and expansion annual EUR values for SBS verticals; for Public/Gov validate one annual value per observed procurement-active buyer. Report P25 / median / P75 for the applicable segment only,analysis2/reference/market_sizing/comparable_contract_observations.csv,required,
Energy,energy-optimization,digital-twin,0,,,,no_awarded_comparable_evidence,,,,,,,,,,,No taxonomy-linked awarded comparable evidence; an external public comparable or approved business assumption is required,Validate greenfield and expansion annual EUR values for SBS verticals; for Public/Gov validate one annual value per observed procurement-active buyer. Report P25 / median / P75 for the applicable segment only,analysis2/reference/market_sizing/comparable_contract_observations.csv,required,
Energy,energy-optimization,iot-platforms,0,,,,no_awarded_comparable_evidence,,,,,,,,,,,No taxonomy-linked awarded comparable evidence; an external public comparable or approved business assumption is required,Validate greenfield and expansion annual EUR values for SBS verticals; for Public/Gov validate one annual value per observed procurement-active buyer. Report P25 / median / P75 for the applicable segment only,analysis2/reference/market_sizing/comparable_contract_observations.csv,required,
Energy,energy-optimization,machine-learning,0,,,,no_awarded_comparable_evidence,,,,,,,,,,,No taxonomy-linked awarded comparable evidence; an external public comparable or approved business assumption is required,Validate greenfield and expansion annual EUR values for SBS verticals; for Public/Gov validate one annual value per observed procurement-active buyer. Report P25 / median / P75 for the applicable segment only,analysis2/reference/market_sizing/comparable_contract_observations.csv,required,
Energy,environmental-emissions-monitoring,cloud-data-platform,0,,,,no_awarded_comparable_evidence,,,,,,,,,,,No taxonomy-linked awarded comparable evidence; an external public comparable or approved business assumption is required,Validate greenfield and expansion annual EUR values for SBS verticals; for Public/Gov validate one annual value per observed procurement-active buyer. Report P25 / median / P75 for the applicable segment only,analysis2/reference/market_sizing/comparable_contract_observations.csv,required,
Energy,network-optimization,iot-platforms,0,,,,no_awarded_comparable_evidence,,,,,,,,,,,No taxonomy-linked awarded comparable evidence; an external public comparable or approved business assumption is required,Validate greenfield and expansion annual EUR values for SBS verticals; for Public/Gov validate one annual value per observed procurement-active buyer. Report P25 / median / P75 for the applicable segment only,analysis2/reference/market_sizing/comparable_contract_observations.csv,required,
Energy,predictive-maintenance,digital-twin,0,,,,no_awarded_comparable_evidence,,,,,,,,,,,No taxonomy-linked awarded comparable evidence; an external public comparable or approved business assumption is required,Validate greenfield and expansion annual EUR values for SBS verticals; for Public/Gov validate one annual value per observed procurement-active buyer. Report P25 / median / P75 for the applicable segment only,analysis2/reference/market_sizing/comparable_contract_observations.csv,required,
Energy,predictive-maintenance,iot-platforms,0,,,,no_awarded_comparable_evidence,,,,,,,,,,,No taxonomy-linked awarded comparable evidence; an external public comparable or approved business assumption is required,Validate greenfield and expansion annual EUR values for SBS verticals; for Public/Gov validate one annual value per observed procurement-active buyer. Report P25 / median / P75 for the applicable segment only,analysis2/reference/market_sizing/comparable_contract_observations.csv,required,
Energy,route-optimization,machine-learning,0,,,,no_awarded_comparable_evidence,,,,,,,,,,,No taxonomy-linked awarded comparable evidence; an external public comparable or approved business assumption is required,Validate greenfield and expansion annual EUR values for SBS verticals; for Public/Gov validate one annual value per observed procurement-active buyer. Report P25 / median / P75 for the applicable segment only,analysis2/reference/market_sizing/comparable_contract_observations.csv,required,
"Finance, Banking, Insurance",anomaly-detection,iot-platforms,0,,,,no_awarded_comparable_evidence,,,,,,,,,,,No taxonomy-linked awarded comparable evidence; an external public comparable or approved business assumption is required,Validate greenfield and expansion annual EUR values for SBS verticals; for Public/Gov validate one annual value per observed procurement-active buyer. Report P25 / median / P75 for the applicable segment only,analysis2/reference/market_sizing/comparable_contract_observations.csv,required,
"Finance, Banking, Insurance",asset-tracking,digital-twin,0,,,,no_awarded_comparable_evidence,,,,,,,,,,,No taxonomy-linked awarded comparable evidence; an external public comparable or approved business assumption is required,Validate greenfield and expansion annual EUR values for SBS verticals; for Public/Gov validate one annual value per observed procurement-active buyer. Report P25 / median / P75 for the applicable segment only,analysis2/reference/market_sizing/comparable_contract_observations.csv,required,
"Finance, Banking, Insurance",asset-tracking,iot-platforms,0,,,,no_awarded_comparable_evidence,,,,,,,,,,,No taxonomy-linked awarded comparable evidence; an external public comparable or approved business assumption is required,Validate greenfield and expansion annual EUR values for SBS verticals; for Public/Gov validate one annual value per observed procurement-active buyer. Report P25 / median / P75 for the applicable segment only,analysis2/reference/market_sizing/comparable_contract_observations.csv,required,
"Finance, Banking, Insurance",automated-inspection-defect-detection,digital-twin,0,,,,no_awarded_comparable_evidence,,,,,,,,,,,No taxonomy-linked awarded comparable evidence; an external public comparable or approved business assumption is required,Validate greenfield and expansion annual EUR values for SBS verticals; for Public/Gov validate one annual value per observed procurement-active buyer. Report P25 / median / P75 for the applicable segment only,analysis2/reference/market_sizing/comparable_contract_observations.csv,required,
"Finance, Banking, Insurance",business-forecasting,machine-learning,0,,,,no_awarded_comparable_evidence,,,,,,,,,,,No taxonomy-linked awarded comparable evidence; an external public comparable or approved business assumption is required,Validate greenfield and expansion annual EUR values for SBS verticals; for Public/Gov validate one annual value per observed procurement-active buyer. Report P25 / median / P75 for the applicable segment only,analysis2/reference/market_sizing/comparable_contract_observations.csv,required,
"Finance, Banking, Insurance",compliance-monitoring,computer-vision,0,,,,no_awarded_comparable_evidence,,,,,,,,,,,No taxonomy-linked awarded comparable evidence; an external public comparable or approved business assumption is required,Validate greenfield and expansion annual EUR values for SBS verticals; for Public/Gov validate one annual value per observed procurement-active buyer. Report P25 / median / P75 for the applicable segment only,analysis2/reference/market_sizing/comparable_contract_observations.csv,required,
"Finance, Banking, Insurance",compliance-monitoring,cybersecurity-platform,0,,,,no_awarded_comparable_evidence,,,,,,,,,,,No taxonomy-linked awarded comparable evidence; an external public comparable or approved business assumption is required,Validate greenfield and expansion annual EUR values for SBS verticals; for Public/Gov validate one annual value per observed procurement-active buyer. Report P25 / median / P75 for the applicable segment only,analysis2/reference/market_sizing/comparable_contract_observations.csv,required,
"Finance, Banking, Insurance",compliance-monitoring,machine-learning,0,,,,no_awarded_comparable_evidence,,,,,,,,,,,No taxonomy-linked awarded comparable evidence; an external public comparable or approved business assumption is required,Validate greenfield and expansion annual EUR values for SBS verticals; for Public/Gov validate one annual value per observed procurement-active buyer. Report P25 / median / P75 for the applicable segment only,analysis2/reference/market_sizing/comparable_contract_observations.csv,required,
"Finance, Banking, Insurance",energy-optimization,cloud-data-platform,0,,,,no_awarded_comparable_evidence,,,,,,,,,,,No taxonomy-linked awarded comparable evidence; an external public comparable or approved business assumption is required,Validate greenfield and expansion annual EUR values for SBS verticals; for Public/Gov validate one annual value per observed procurement-active buyer. Report P25 / median / P75 for the applicable segment only,analysis2/reference/market_sizing/comparable_contract_observations.csv,required,
"Finance, Banking, Insurance",energy-optimization,digital-twin,0,,,,no_awarded_comparable_evidence,,,,,,,,,,,No taxonomy-linked awarded comparable evidence; an external public comparable or approved business assumption is required,Validate greenfield and expansion annual EUR values for SBS verticals; for Public/Gov validate one annual value per observed procurement-active buyer. Report P25 / median / P75 for the applicable segment only,analysis2/reference/market_sizing/comparable_contract_observations.csv,required,
"Finance, Banking, Insurance",energy-optimization,iot-platforms,0,,,,no_awarded_comparable_evidence,,,,,,,,,,,No taxonomy-linked awarded comparable evidence; an external public comparable or approved business assumption is required,Validate greenfield and expansion annual EUR values for SBS verticals; for Public/Gov validate one annual value per observed procurement-active buyer. Report P25 / median / P75 for the applicable segment only,analysis2/reference/market_sizing/comparable_contract_observations.csv,required,
"Finance, Banking, Insurance",fraud-detection,machine-learning,0,,,,no_awarded_comparable_evidence,,,,,,,,,,,No taxonomy-linked awarded comparable evidence; an external public comparable or approved business assumption is required,Validate greenfield and expansion annual EUR values for SBS verticals; for Public/Gov validate one annual value per observed procurement-active buyer. Report P25 / median / P75 for the applicable segment only,analysis2/reference/market_sizing/comparable_contract_observations.csv,required,
"Finance, Banking, Insurance",kyc-aml-automation,blockchain-distributed-ledger,0,,,,no_awarded_comparable_evidence,,,,,,,,,,,No taxonomy-linked awarded comparable evidence; an external public comparable or approved business assumption is required,Validate greenfield and expansion annual EUR values for SBS verticals; for Public/Gov validate one annual value per observed procurement-active buyer. Report P25 / median / P75 for the applicable segment only,analysis2/reference/market_sizing/comparable_contract_observations.csv,required,
"Finance, Banking, Insurance",kyc-aml-automation,cloud-data-platform,0,,,,no_awarded_comparable_evidence,,,,,,,,,,,No taxonomy-linked awarded comparable evidence; an external public comparable or approved business assumption is required,Validate greenfield and expansion annual EUR values for SBS verticals; for Public/Gov validate one annual value per observed procurement-active buyer. Report P25 / median / P75 for the applicable segment only,analysis2/reference/market_sizing/comparable_contract_observations.csv,required,
"Finance, Banking, Insurance",kyc-aml-automation,computer-vision,0,,,,no_awarded_comparable_evidence,,,,,,,,,,,No taxonomy-linked awarded comparable evidence; an external public comparable or approved business assumption is required,Validate greenfield and expansion annual EUR values for SBS verticals; for Public/Gov validate one annual value per observed procurement-active buyer. Report P25 / median / P75 for the applicable segment only,analysis2/reference/market_sizing/comparable_contract_observations.csv,required,
"Finance, Banking, Insurance",personalized-recommendations,machine-learning,0,,,,no_awarded_comparable_evidence,,,,,,,,,,,No taxonomy-linked awarded comparable evidence; an external public comparable or approved business assumption is required,Validate greenfield and expansion annual EUR values for SBS verticals; for Public/Gov validate one annual value per observed procurement-active buyer. Report P25 / median / P75 for the applicable segment only,analysis2/reference/market_sizing/comparable_contract_observations.csv,required,
"Finance, Banking, Insurance",precision-agriculture,cloud-data-platform,0,,,,no_awarded_comparable_evidence,,,,,,,,,,,No taxonomy-linked awarded comparable evidence; an external public comparable or approved business assumption is required,Validate greenfield and expansion annual EUR values for SBS verticals; for Public/Gov validate one annual value per observed procurement-active buyer. Report P25 / median / P75 for the applicable segment only,analysis2/reference/market_sizing/comparable_contract_observations.csv,required,
"Finance, Banking, Insurance",risk-scoring,cloud-data-platform,0,,,,no_awarded_comparable_evidence,,,,,,,,,,,No taxonomy-linked awarded comparable evidence; an external public comparable or approved business assumption is required,Validate greenfield and expansion annual EUR values for SBS verticals; for Public/Gov validate one annual value per observed procurement-active buyer. Report P25 / median / P75 for the applicable segment only,analysis2/reference/market_sizing/comparable_contract_observations.csv,required,
"Finance, Banking, Insurance",risk-scoring,cybersecurity-platform,0,,,,no_awarded_comparable_evidence,,,,,,,,,,,No taxonomy-linked awarded comparable evidence; an external public comparable or approved business assumption is required,Validate greenfield and expansion annual EUR values for SBS verticals; for Public/Gov validate one annual value per observed procurement-active buyer. Report P25 / median / P75 for the applicable segment only,analysis2/reference/market_sizing/comparable_contract_observations.csv,required,
"Finance, Banking, Insurance",risk-scoring,machine-learning,0,,,,no_awarded_comparable_evidence,,,,,,,,,,,No taxonomy-linked awarded comparable evidence; an external public comparable or approved business assumption is required,Validate greenfield and expansion annual EUR values for SBS verticals; for Public/Gov validate one annual value per observed procurement-active buyer. Report P25 / median / P75 for the applicable segment only,analysis2/reference/market_sizing/comparable_contract_observations.csv,required,
Healthcare,anomaly-detection,cybersecurity-platform,0,,,,no_awarded_comparable_evidence,,,,,,,,,,,No taxonomy-linked awarded comparable evidence; an external public comparable or approved business assumption is required,Validate greenfield and expansion annual EUR values for SBS verticals; for Public/Gov validate one annual value per observed procurement-active buyer. Report P25 / median / P75 for the applicable segment only,analysis2/reference/market_sizing/comparable_contract_observations.csv,required,
Healthcare,asset-tracking,industrial-robotics,0,,,,no_awarded_comparable_evidence,,,,,,,,,,,No taxonomy-linked awarded comparable evidence; an external public comparable or approved business assumption is required,Validate greenfield and expansion annual EUR values for SBS verticals; for Public/Gov validate one annual value per observed procurement-active buyer. Report P25 / median / P75 for the applicable segment only,analysis2/reference/market_sizing/comparable_contract_observations.csv,required,
Healthcare,asset-tracking,iot-platforms,0,,,,no_awarded_comparable_evidence,,,,,,,,,,,No taxonomy-linked awarded comparable evidence; an external public comparable or approved business assumption is required,Validate greenfield and expansion annual EUR values for SBS verticals; for Public/Gov validate one annual value per observed procurement-active buyer. Report P25 / median / P75 for the applicable segment only,analysis2/reference/market_sizing/comparable_contract_observations.csv,required,
Healthcare,automated-inspection-defect-detection,machine-learning,0,,,,no_awarded_comparable_evidence,,,,,,,,,,,No taxonomy-linked awarded comparable evidence; an external public comparable or approved business assumption is required,Validate greenfield and expansion annual EUR values for SBS verticals; for Public/Gov validate one annual value per observed procurement-active buyer. Report P25 / median / P75 for the applicable segment only,analysis2/reference/market_sizing/comparable_contract_observations.csv,required,
Healthcare,compliance-monitoring,cybersecurity-platform,1,3782597.78,3782597.78,3782597.78,insufficient_awarded_observations,,,,,,,,,,,"TED awarded comparable contracts exist; currency, scope and duration must be validated",Validate greenfield and expansion annual EUR values for SBS verticals; for Public/Gov validate one annual value per observed procurement-active buyer. Report P25 / median / P75 for the applicable segment only,analysis2/reference/market_sizing/comparable_contract_observations.csv,required,
Healthcare,compliance-monitoring,iot-platforms,0,,,,no_awarded_comparable_evidence,,,,,,,,,,,No taxonomy-linked awarded comparable evidence; an external public comparable or approved business assumption is required,Validate greenfield and expansion annual EUR values for SBS verticals; for Public/Gov validate one annual value per observed procurement-active buyer. Report P25 / median / P75 for the applicable segment only,analysis2/reference/market_sizing/comparable_contract_observations.csv,required,
Healthcare,diagnostic-support,iot-platforms,0,,,,no_awarded_comparable_evidence,,,,,,,,,,,No taxonomy-linked awarded comparable evidence; an external public comparable or approved business assumption is required,Validate greenfield and expansion annual EUR values for SBS verticals; for Public/Gov validate one annual value per observed procurement-active buyer. Report P25 / median / P75 for the applicable segment only,analysis2/reference/market_sizing/comparable_contract_observations.csv,required,
Healthcare,diagnostic-support,machine-learning,0,,,,no_awarded_comparable_evidence,,,,,,,,,,,No taxonomy-linked awarded comparable evidence; an external public comparable or approved business assumption is required,Validate greenfield and expansion annual EUR values for SBS verticals; for Public/Gov validate one annual value per observed procurement-active buyer. Report P25 / median / P75 for the applicable segment only,analysis2/reference/market_sizing/comparable_contract_observations.csv,required,
Healthcare,document-processing-extraction,machine-learning,0,,,,no_awarded_comparable_evidence,,,,,,,,,,,No taxonomy-linked awarded comparable evidence; an external public comparable or approved business assumption is required,Validate greenfield and expansion annual EUR values for SBS verticals; for Public/Gov validate one annual value per observed procurement-active buyer. Report P25 / median / P75 for the applicable segment only,analysis2/reference/market_sizing/comparable_contract_observations.csv,required,
Healthcare,environmental-emissions-monitoring,machine-learning,0,,,,no_awarded_comparable_evidence,,,,,,,,,,,No taxonomy-linked awarded comparable evidence; an external public comparable or approved business assumption is required,Validate greenfield and expansion annual EUR values for SBS verticals; for Public/Gov validate one annual value per observed procurement-active buyer. Report P25 / median / P75 for the applicable segment only,analysis2/reference/market_sizing/comparable_contract_observations.csv,required,
Healthcare,network-optimization,iot-platforms,0,,,,no_awarded_comparable_evidence,,,,,,,,,,,No taxonomy-linked awarded comparable evidence; an external public comparable or approved business assumption is required,Validate greenfield and expansion annual EUR values for SBS verticals; for Public/Gov validate one annual value per observed procurement-active buyer. Report P25 / median / P75 for the applicable segment only,analysis2/reference/market_sizing/comparable_contract_observations.csv,required,
Healthcare,personalized-recommendations,machine-learning,0,,,,no_awarded_comparable_evidence,,,,,,,,,,,No taxonomy-linked awarded comparable evidence; an external public comparable or approved business assumption is required,Validate greenfield and expansion annual EUR values for SBS verticals; for Public/Gov validate one annual value per observed procurement-active buyer. Report P25 / median / P75 for the applicable segment only,analysis2/reference/market_sizing/comparable_contract_observations.csv,required,
Healthcare,sentiment-analysis,natural-language-processing,0,,,,no_awarded_comparable_evidence,,,,,,,,,,,No taxonomy-linked awarded comparable evidence; an external public comparable or approved business assumption is required,Validate greenfield and expansion annual EUR values for SBS verticals; for Public/Gov validate one annual value per observed procurement-active buyer. Report P25 / median / P75 for the applicable segment only,analysis2/reference/market_sizing/comparable_contract_observations.csv,required,
Lifesciences,anomaly-detection,cybersecurity-platform,1,100000.0,100000.0,100000.0,insufficient_awarded_observations,,,,,,,,,,,"TED awarded comparable contracts exist; currency, scope and duration must be validated",Validate greenfield and expansion annual EUR values for SBS verticals; for Public/Gov validate one annual value per observed procurement-active buyer. Report P25 / median / P75 for the applicable segment only,analysis2/reference/market_sizing/comparable_contract_observations.csv,required,
Lifesciences,compliance-monitoring,iot-platforms,0,,,,no_awarded_comparable_evidence,,,,,,,,,,,No taxonomy-linked awarded comparable evidence; an external public comparable or approved business assumption is required,Validate greenfield and expansion annual EUR values for SBS verticals; for Public/Gov validate one annual value per observed procurement-active buyer. Report P25 / median / P75 for the applicable segment only,analysis2/reference/market_sizing/comparable_contract_observations.csv,required,
Lifesciences,diagnostic-support,cloud-data-platform,0,,,,no_awarded_comparable_evidence,,,,,,,,,,,No taxonomy-linked awarded comparable evidence; an external public comparable or approved business assumption is required,Validate greenfield and expansion annual EUR values for SBS verticals; for Public/Gov validate one annual value per observed procurement-active buyer. Report P25 / median / P75 for the applicable segment only,analysis2/reference/market_sizing/comparable_contract_observations.csv,required,
Lifesciences,diagnostic-support,machine-learning,0,,,,no_awarded_comparable_evidence,,,,,,,,,,,No taxonomy-linked awarded comparable evidence; an external public comparable or approved business assumption is required,Validate greenfield and expansion annual EUR values for SBS verticals; for Public/Gov validate one annual value per observed procurement-active buyer. Report P25 / median / P75 for the applicable segment only,analysis2/reference/market_sizing/comparable_contract_observations.csv,required,
Lifesciences,environmental-emissions-monitoring,iot-platforms,0,,,,no_awarded_comparable_evidence,,,,,,,,,,,No taxonomy-linked awarded comparable evidence; an external public comparable or approved business assumption is required,Validate greenfield and expansion annual EUR values for SBS verticals; for Public/Gov validate one annual value per observed procurement-active buyer. Report P25 / median / P75 for the applicable segment only,analysis2/reference/market_sizing/comparable_contract_observations.csv,required,
Lifesciences,inventory-optimization,digital-twin,0,,,,no_awarded_comparable_evidence,,,,,,,,,,,No taxonomy-linked awarded comparable evidence; an external public comparable or approved business assumption is required,Validate greenfield and expansion annual EUR values for SBS verticals; for Public/Gov validate one annual value per observed procurement-active buyer. Report P25 / median / P75 for the applicable segment only,analysis2/reference/market_sizing/comparable_contract_observations.csv,required,
Lifesciences,precision-agriculture,machine-learning,0,,,,no_awarded_comparable_evidence,,,,,,,,,,,No taxonomy-linked awarded comparable evidence; an external public comparable or approved business assumption is required,Validate greenfield and expansion annual EUR values for SBS verticals; for Public/Gov validate one annual value per observed procurement-active buyer. Report P25 / median / P75 for the applicable segment only,analysis2/reference/market_sizing/comparable_contract_observations.csv,required,
Manufacturing,anomaly-detection,cybersecurity-platform,0,,,,no_awarded_comparable_evidence,,,,,,,,,,,No taxonomy-linked awarded comparable evidence; an external public comparable or approved business assumption is required,Validate greenfield and expansion annual EUR values for SBS verticals; for Public/Gov validate one annual value per observed procurement-active buyer. Report P25 / median / P75 for the applicable segment only,analysis2/reference/market_sizing/comparable_contract_observations.csv,required,
Manufacturing,asset-tracking,autonomous-vehicles-drones,0,,,,no_awarded_comparable_evidence,,,,,,,,,,,No taxonomy-linked awarded comparable evidence; an external public comparable or approved business assumption is required,Validate greenfield and expansion annual EUR values for SBS verticals; for Public/Gov validate one annual value per observed procurement-active buyer. Report P25 / median / P75 for the applicable segment only,analysis2/reference/market_sizing/comparable_contract_observations.csv,required,
Manufacturing,asset-tracking,machine-learning,0,,,,no_awarded_comparable_evidence,,,,,,,,,,,No taxonomy-linked awarded comparable evidence; an external public comparable or approved business assumption is required,Validate greenfield and expansion annual EUR values for SBS verticals; for Public/Gov validate one annual value per observed procurement-active buyer. Report P25 / median / P75 for the applicable segment only,analysis2/reference/market_sizing/comparable_contract_observations.csv,required,
Manufacturing,automated-inspection-defect-detection,computer-vision,0,,,,no_awarded_comparable_evidence,,,,,,,,,,,No taxonomy-linked awarded comparable evidence; an external public comparable or approved business assumption is required,Validate greenfield and expansion annual EUR values for SBS verticals; for Public/Gov validate one annual value per observed procurement-active buyer. Report P25 / median / P75 for the applicable segment only,analysis2/reference/market_sizing/comparable_contract_observations.csv,required,
Manufacturing,energy-optimization,iot-platforms,1,18205863.16,18205863.16,18205863.16,insufficient_awarded_observations,,,,,,,,,,,"TED awarded comparable contracts exist; currency, scope and duration must be validated",Validate greenfield and expansion annual EUR values for SBS verticals; for Public/Gov validate one annual value per observed procurement-active buyer. Report P25 / median / P75 for the applicable segment only,analysis2/reference/market_sizing/comparable_contract_observations.csv,required,
Manufacturing,energy-optimization,machine-learning,0,,,,no_awarded_comparable_evidence,,,,,,,,,,,No taxonomy-linked awarded comparable evidence; an external public comparable or approved business assumption is required,Validate greenfield and expansion annual EUR values for SBS verticals; for Public/Gov validate one annual value per observed procurement-active buyer. Report P25 / median / P75 for the applicable segment only,analysis2/reference/market_sizing/comparable_contract_observations.csv,required,
Manufacturing,environmental-emissions-monitoring,cloud-data-platform,0,,,,no_awarded_comparable_evidence,,,,,,,,,,,No taxonomy-linked awarded comparable evidence; an external public comparable or approved business assumption is required,Validate greenfield and expansion annual EUR values for SBS verticals; for Public/Gov validate one annual value per observed procurement-active buyer. Report P25 / median / P75 for the applicable segment only,analysis2/reference/market_sizing/comparable_contract_observations.csv,required,
Manufacturing,environmental-emissions-monitoring,iot-platforms,0,,,,no_awarded_comparable_evidence,,,,,,,,,,,No taxonomy-linked awarded comparable evidence; an external public comparable or approved business assumption is required,Validate greenfield and expansion annual EUR values for SBS verticals; for Public/Gov validate one annual value per observed procurement-active buyer. Report P25 / median / P75 for the applicable segment only,analysis2/reference/market_sizing/comparable_contract_observations.csv,required,
Manufacturing,network-optimization,iot-platforms,0,,,,no_awarded_comparable_evidence,,,,,,,,,,,No taxonomy-linked awarded comparable evidence; an external public comparable or approved business assumption is required,Validate greenfield and expansion annual EUR values for SBS verticals; for Public/Gov validate one annual value per observed procurement-active buyer. Report P25 / median / P75 for the applicable segment only,analysis2/reference/market_sizing/comparable_contract_observations.csv,required,
Manufacturing,predictive-maintenance,machine-learning,0,,,,no_awarded_comparable_evidence,,,,,,,,,,,No taxonomy-linked awarded comparable evidence; an external public comparable or approved business assumption is required,Validate greenfield and expansion annual EUR values for SBS verticals; for Public/Gov validate one annual value per observed procurement-active buyer. Report P25 / median / P75 for the applicable segment only,analysis2/reference/market_sizing/comparable_contract_observations.csv,required,
Manufacturing,production-scheduling,iot-platforms,0,,,,no_awarded_comparable_evidence,,,,,,,,,,,No taxonomy-linked awarded comparable evidence; an external public comparable or approved business assumption is required,Validate greenfield and expansion annual EUR values for SBS verticals; for Public/Gov validate one annual value per observed procurement-active buyer. Report P25 / median / P75 for the applicable segment only,analysis2/reference/market_sizing/comparable_contract_observations.csv,required,
Manufacturing,production-scheduling,machine-learning,0,,,,no_awarded_comparable_evidence,,,,,,,,,,,No taxonomy-linked awarded comparable evidence; an external public comparable or approved business assumption is required,Validate greenfield and expansion annual EUR values for SBS verticals; for Public/Gov validate one annual value per observed procurement-active buyer. Report P25 / median / P75 for the applicable segment only,analysis2/reference/market_sizing/comparable_contract_observations.csv,required,
Media & Entertainment,automated-inspection-defect-detection,computer-vision,0,,,,no_awarded_comparable_evidence,,,,,,,,,,,No taxonomy-linked awarded comparable evidence; an external public comparable or approved business assumption is required,Validate greenfield and expansion annual EUR values for SBS verticals; for Public/Gov validate one annual value per observed procurement-active buyer. Report P25 / median / P75 for the applicable segment only,analysis2/reference/market_sizing/comparable_contract_observations.csv,required,
Media & Entertainment,compliance-monitoring,cybersecurity-platform,1,1037000.0,1037000.0,1037000.0,insufficient_awarded_observations,,,,,,,,,,,"TED awarded comparable contracts exist; currency, scope and duration must be validated",Validate greenfield and expansion annual EUR values for SBS verticals; for Public/Gov validate one annual value per observed procurement-active buyer. Report P25 / median / P75 for the applicable segment only,analysis2/reference/market_sizing/comparable_contract_observations.csv,required,
Media & Entertainment,customer-segmentation,cloud-data-platform,0,,,,no_awarded_comparable_evidence,,,,,,,,,,,No taxonomy-linked awarded comparable evidence; an external public comparable or approved business assumption is required,Validate greenfield and expansion annual EUR values for SBS verticals; for Public/Gov validate one annual value per observed procurement-active buyer. Report P25 / median / P75 for the applicable segment only,analysis2/reference/market_sizing/comparable_contract_observations.csv,required,
Media & Entertainment,energy-optimization,connectivity-5g,0,,,,no_awarded_comparable_evidence,,,,,,,,,,,No taxonomy-linked awarded comparable evidence; an external public comparable or approved business assumption is required,Validate greenfield and expansion annual EUR values for SBS verticals; for Public/Gov validate one annual value per observed procurement-active buyer. Report P25 / median / P75 for the applicable segment only,analysis2/reference/market_sizing/comparable_contract_observations.csv,required,
Media & Entertainment,energy-optimization,iot-platforms,0,,,,no_awarded_comparable_evidence,,,,,,,,,,,No taxonomy-linked awarded comparable evidence; an external public comparable or approved business assumption is required,Validate greenfield and expansion annual EUR values for SBS verticals; for Public/Gov validate one annual value per observed procurement-active buyer. Report P25 / median / P75 for the applicable segment only,analysis2/reference/market_sizing/comparable_contract_observations.csv,required,
Media & Entertainment,personalized-recommendations,connectivity-5g,0,,,,no_awarded_comparable_evidence,,,,,,,,,,,No taxonomy-linked awarded comparable evidence; an external public comparable or approved business assumption is required,Validate greenfield and expansion annual EUR values for SBS verticals; for Public/Gov validate one annual value per observed procurement-active buyer. Report P25 / median / P75 for the applicable segment only,analysis2/reference/market_sizing/comparable_contract_observations.csv,required,
Media & Entertainment,predictive-maintenance,digital-twin,0,,,,no_awarded_comparable_evidence,,,,,,,,,,,No taxonomy-linked awarded comparable evidence; an external public comparable or approved business assumption is required,Validate greenfield and expansion annual EUR values for SBS verticals; for Public/Gov validate one annual value per observed procurement-active buyer. Report P25 / median / P75 for the applicable segment only,analysis2/reference/market_sizing/comparable_contract_observations.csv,required,
Media & Entertainment,sentiment-analysis,natural-language-processing,0,,,,no_awarded_comparable_evidence,,,,,,,,,,,No taxonomy-linked awarded comparable evidence; an external public comparable or approved business assumption is required,Validate greenfield and expansion annual EUR values for SBS verticals; for Public/Gov validate one annual value per observed procurement-active buyer. Report P25 / median / P75 for the applicable segment only,analysis2/reference/market_sizing/comparable_contract_observations.csv,required,
Natural Resources,automated-inspection-defect-detection,computer-vision,0,,,,no_awarded_comparable_evidence,,,,,,,,,,,No taxonomy-linked awarded comparable evidence; an external public comparable or approved business assumption is required,Validate greenfield and expansion annual EUR values for SBS verticals; for Public/Gov validate one annual value per observed procurement-active buyer. Report P25 / median / P75 for the applicable segment only,analysis2/reference/market_sizing/comparable_contract_observations.csv,required,
Natural Resources,compliance-monitoring,iot-platforms,0,,,,no_awarded_comparable_evidence,,,,,,,,,,,No taxonomy-linked awarded comparable evidence; an external public comparable or approved business assumption is required,Validate greenfield and expansion annual EUR values for SBS verticals; for Public/Gov validate one annual value per observed procurement-active buyer. Report P25 / median / P75 for the applicable segment only,analysis2/reference/market_sizing/comparable_contract_observations.csv,required,
Natural Resources,environmental-emissions-monitoring,cloud-data-platform,0,,,,no_awarded_comparable_evidence,,,,,,,,,,,No taxonomy-linked awarded comparable evidence; an external public comparable or approved business assumption is required,Validate greenfield and expansion annual EUR values for SBS verticals; for Public/Gov validate one annual value per observed procurement-active buyer. Report P25 / median / P75 for the applicable segment only,analysis2/reference/market_sizing/comparable_contract_observations.csv,required,
Natural Resources,environmental-emissions-monitoring,iot-platforms,0,,,,no_awarded_comparable_evidence,,,,,,,,,,,No taxonomy-linked awarded comparable evidence; an external public comparable or approved business assumption is required,Validate greenfield and expansion annual EUR values for SBS verticals; for Public/Gov validate one annual value per observed procurement-active buyer. Report P25 / median / P75 for the applicable segment only,analysis2/reference/market_sizing/comparable_contract_observations.csv,required,
Natural Resources,environmental-emissions-monitoring,machine-learning,0,,,,no_awarded_comparable_evidence,,,,,,,,,,,No taxonomy-linked awarded comparable evidence; an external public comparable or approved business assumption is required,Validate greenfield and expansion annual EUR values for SBS verticals; for Public/Gov validate one annual value per observed procurement-active buyer. Report P25 / median / P75 for the applicable segment only,analysis2/reference/market_sizing/comparable_contract_observations.csv,required,
Natural Resources,predictive-maintenance,iot-platforms,1,291120993.7,291120993.7,291120993.7,insufficient_awarded_observations,,,,,,,,,,,"TED awarded comparable contracts exist; currency, scope and duration must be validated",Validate greenfield and expansion annual EUR values for SBS verticals; for Public/Gov validate one annual value per observed procurement-active buyer. Report P25 / median / P75 for the applicable segment only,analysis2/reference/market_sizing/comparable_contract_observations.csv,required,
Public/Gov sector,anomaly-detection,computer-vision,0,,,,no_awarded_comparable_evidence,,,,,,,,,,,No taxonomy-linked awarded comparable evidence; an external public comparable or approved business assumption is required,Validate greenfield and expansion annual EUR values for SBS verticals; for Public/Gov validate one annual value per observed procurement-active buyer. Report P25 / median / P75 for the applicable segment only,analysis2/reference/market_sizing/comparable_contract_observations.csv,required,
Public/Gov sector,anomaly-detection,cybersecurity-platform,0,,,,no_awarded_comparable_evidence,,,,,,,,,,,No taxonomy-linked awarded comparable evidence; an external public comparable or approved business assumption is required,Validate greenfield and expansion annual EUR values for SBS verticals; for Public/Gov validate one annual value per observed procurement-active buyer. Report P25 / median / P75 for the applicable segment only,analysis2/reference/market_sizing/comparable_contract_observations.csv,required,
Public/Gov sector,anomaly-detection,iot-platforms,0,,,,no_awarded_comparable_evidence,,,,,,,,,,,No taxonomy-linked awarded comparable evidence; an external public comparable or approved business assumption is required,Validate greenfield and expansion annual EUR values for SBS verticals; for Public/Gov validate one annual value per observed procurement-active buyer. Report P25 / median / P75 for the applicable segment only,analysis2/reference/market_sizing/comparable_contract_observations.csv,required,
Public/Gov sector,anomaly-detection,machine-learning,0,,,,no_awarded_comparable_evidence,,,,,,,,,,,No taxonomy-linked awarded comparable evidence; an external public comparable or approved business assumption is required,Validate greenfield and expansion annual EUR values for SBS verticals; for Public/Gov validate one annual value per observed procurement-active buyer. Report P25 / median / P75 for the applicable segment only,analysis2/reference/market_sizing/comparable_contract_observations.csv,required,
Public/Gov sector,asset-tracking,blockchain-distributed-ledger,0,,,,no_awarded_comparable_evidence,,,,,,,,,,,No taxonomy-linked awarded comparable evidence; an external public comparable or approved business assumption is required,Validate greenfield and expansion annual EUR values for SBS verticals; for Public/Gov validate one annual value per observed procurement-active buyer. Report P25 / median / P75 for the applicable segment only,analysis2/reference/market_sizing/comparable_contract_observations.csv,required,
Public/Gov sector,asset-tracking,iot-platforms,0,,,,no_awarded_comparable_evidence,,,,,,,,,,,No taxonomy-linked awarded comparable evidence; an external public comparable or approved business assumption is required,Validate greenfield and expansion annual EUR values for SBS verticals; for Public/Gov validate one annual value per observed procurement-active buyer. Report P25 / median / P75 for the applicable segment only,analysis2/reference/market_sizing/comparable_contract_observations.csv,required,
Public/Gov sector,automated-inspection-defect-detection,computer-vision,0,,,,no_awarded_comparable_evidence,,,,,,,,,,,No taxonomy-linked awarded comparable evidence; an external public comparable or approved business assumption is required,Validate greenfield and expansion annual EUR values for SBS verticals; for Public/Gov validate one annual value per observed procurement-active buyer. Report P25 / median / P75 for the applicable segment only,analysis2/reference/market_sizing/comparable_contract_observations.csv,required,
Public/Gov sector,compliance-monitoring,cybersecurity-platform,1,351363.43,351363.43,351363.43,insufficient_awarded_observations,,,,,,,,,,,"TED awarded comparable contracts exist; currency, scope and duration must be validated",Validate greenfield and expansion annual EUR values for SBS verticals; for Public/Gov validate one annual value per observed procurement-active buyer. Report P25 / median / P75 for the applicable segment only,analysis2/reference/market_sizing/comparable_contract_observations.csv,required,
Public/Gov sector,compliance-monitoring,iot-platforms,0,,,,no_awarded_comparable_evidence,,,,,,,,,,,No taxonomy-linked awarded comparable evidence; an external public comparable or approved business assumption is required,Validate greenfield and expansion annual EUR values for SBS verticals; for Public/Gov validate one annual value per observed procurement-active buyer. Report P25 / median / P75 for the applicable segment only,analysis2/reference/market_sizing/comparable_contract_observations.csv,required,
Public/Gov sector,compliance-monitoring,machine-learning,0,,,,no_awarded_comparable_evidence,,,,,,,,,,,No taxonomy-linked awarded comparable evidence; an external public comparable or approved business assumption is required,Validate greenfield and expansion annual EUR values for SBS verticals; for Public/Gov validate one annual value per observed procurement-active buyer. Report P25 / median / P75 for the applicable segment only,analysis2/reference/market_sizing/comparable_contract_observations.csv,required,
Public/Gov sector,document-processing-extraction,cloud-data-platform,0,,,,no_awarded_comparable_evidence,,,,,,,,,,,No taxonomy-linked awarded comparable evidence; an external public comparable or approved business assumption is required,Validate greenfield and expansion annual EUR values for SBS verticals; for Public/Gov validate one annual value per observed procurement-active buyer. Report P25 / median / P75 for the applicable segment only,analysis2/reference/market_sizing/comparable_contract_observations.csv,required,
Public/Gov sector,document-processing-extraction,machine-learning,0,,,,no_awarded_comparable_evidence,,,,,,,,,,,No taxonomy-linked awarded comparable evidence; an external public comparable or approved business assumption is required,Validate greenfield and expansion annual EUR values for SBS verticals; for Public/Gov validate one annual value per observed procurement-active buyer. Report P25 / median / P75 for the applicable segment only,analysis2/reference/market_sizing/comparable_contract_observations.csv,required,
Public/Gov sector,energy-optimization,iot-platforms,1,20725000.0,20725000.0,20725000.0,insufficient_awarded_observations,,,,,,,,,,,"TED awarded comparable contracts exist; currency, scope and duration must be validated",Validate greenfield and expansion annual EUR values for SBS verticals; for Public/Gov validate one annual value per observed procurement-active buyer. Report P25 / median / P75 for the applicable segment only,analysis2/reference/market_sizing/comparable_contract_observations.csv,required,
Public/Gov sector,environmental-emissions-monitoring,autonomous-vehicles-drones,0,,,,no_awarded_comparable_evidence,,,,,,,,,,,No taxonomy-linked awarded comparable evidence; an external public comparable or approved business assumption is required,Validate greenfield and expansion annual EUR values for SBS verticals; for Public/Gov validate one annual value per observed procurement-active buyer. Report P25 / median / P75 for the applicable segment only,analysis2/reference/market_sizing/comparable_contract_observations.csv,required,
Public/Gov sector,kyc-aml-automation,computer-vision,0,,,,no_awarded_comparable_evidence,,,,,,,,,,,No taxonomy-linked awarded comparable evidence; an external public comparable or approved business assumption is required,Validate greenfield and expansion annual EUR values for SBS verticals; for Public/Gov validate one annual value per observed procurement-active buyer. Report P25 / median / P75 for the applicable segment only,analysis2/reference/market_sizing/comparable_contract_observations.csv,required,
Public/Gov sector,network-optimization,iot-platforms,1,437948955.52,437948955.52,437948955.52,insufficient_awarded_observations,,,,,,,,,,,"TED awarded comparable contracts exist; currency, scope and duration must be validated",Validate greenfield and expansion annual EUR values for SBS verticals; for Public/Gov validate one annual value per observed procurement-active buyer. Report P25 / median / P75 for the applicable segment only,analysis2/reference/market_sizing/comparable_contract_observations.csv,required,
Public/Gov sector,route-optimization,iot-platforms,0,,,,no_awarded_comparable_evidence,,,,,,,,,,,No taxonomy-linked awarded comparable evidence; an external public comparable or approved business assumption is required,Validate greenfield and expansion annual EUR values for SBS verticals; for Public/Gov validate one annual value per observed procurement-active buyer. Report P25 / median / P75 for the applicable segment only,analysis2/reference/market_sizing/comparable_contract_observations.csv,required,
Retail,asset-tracking,iot-platforms,1,1135500.0,1135500.0,1135500.0,insufficient_awarded_observations,,,,,,,,,,,"TED awarded comparable contracts exist; currency, scope and duration must be validated",Validate greenfield and expansion annual EUR values for SBS verticals; for Public/Gov validate one annual value per observed procurement-active buyer. Report P25 / median / P75 for the applicable segment only,analysis2/reference/market_sizing/comparable_contract_observations.csv,required,
Retail,automated-inspection-defect-detection,computer-vision,0,,,,no_awarded_comparable_evidence,,,,,,,,,,,No taxonomy-linked awarded comparable evidence; an external public comparable or approved business assumption is required,Validate greenfield and expansion annual EUR values for SBS verticals; for Public/Gov validate one annual value per observed procurement-active buyer. Report P25 / median / P75 for the applicable segment only,analysis2/reference/market_sizing/comparable_contract_observations.csv,required,
Retail,automated-inspection-defect-detection,iot-platforms,0,,,,no_awarded_comparable_evidence,,,,,,,,,,,No taxonomy-linked awarded comparable evidence; an external public comparable or approved business assumption is required,Validate greenfield and expansion annual EUR values for SBS verticals; for Public/Gov validate one annual value per observed procurement-active buyer. Report P25 / median / P75 for the applicable segment only,analysis2/reference/market_sizing/comparable_contract_observations.csv,required,
Retail,compliance-monitoring,computer-vision,0,,,,no_awarded_comparable_evidence,,,,,,,,,,,No taxonomy-linked awarded comparable evidence; an external public comparable or approved business assumption is required,Validate greenfield and expansion annual EUR values for SBS verticals; for Public/Gov validate one annual value per observed procurement-active buyer. Report P25 / median / P75 for the applicable segment only,analysis2/reference/market_sizing/comparable_contract_observations.csv,required,
Retail,energy-optimization,blockchain-distributed-ledger,0,,,,no_awarded_comparable_evidence,,,,,,,,,,,No taxonomy-linked awarded comparable evidence; an external public comparable or approved business assumption is required,Validate greenfield and expansion annual EUR values for SBS verticals; for Public/Gov validate one annual value per observed procurement-active buyer. Report P25 / median / P75 for the applicable segment only,analysis2/reference/market_sizing/comparable_contract_observations.csv,required,
Retail,energy-optimization,cloud-data-platform,0,,,,no_awarded_comparable_evidence,,,,,,,,,,,No taxonomy-linked awarded comparable evidence; an external public comparable or approved business assumption is required,Validate greenfield and expansion annual EUR values for SBS verticals; for Public/Gov validate one annual value per observed procurement-active buyer. Report P25 / median / P75 for the applicable segment only,analysis2/reference/market_sizing/comparable_contract_observations.csv,required,
Retail,environmental-emissions-monitoring,iot-platforms,0,,,,no_awarded_comparable_evidence,,,,,,,,,,,No taxonomy-linked awarded comparable evidence; an external public comparable or approved business assumption is required,Validate greenfield and expansion annual EUR values for SBS verticals; for Public/Gov validate one annual value per observed procurement-active buyer. Report P25 / median / P75 for the applicable segment only,analysis2/reference/market_sizing/comparable_contract_observations.csv,required,
Retail,personalized-recommendations,machine-learning,0,,,,no_awarded_comparable_evidence,,,,,,,,,,,No taxonomy-linked awarded comparable evidence; an external public comparable or approved business assumption is required,Validate greenfield and expansion annual EUR values for SBS verticals; for Public/Gov validate one annual value per observed procurement-active buyer. Report P25 / median / P75 for the applicable segment only,analysis2/reference/market_sizing/comparable_contract_observations.csv,required,
Retail,production-scheduling,iot-platforms,0,,,,no_awarded_comparable_evidence,,,,,,,,,,,No taxonomy-linked awarded comparable evidence; an external public comparable or approved business assumption is required,Validate greenfield and expansion annual EUR values for SBS verticals; for Public/Gov validate one annual value per observed procurement-active buyer. Report P25 / median / P75 for the applicable segment only,analysis2/reference/market_sizing/comparable_contract_observations.csv,required,
Retail,route-optimization,cloud-data-platform,0,,,,no_awarded_comparable_evidence,,,,,,,,,,,No taxonomy-linked awarded comparable evidence; an external public comparable or approved business assumption is required,Validate greenfield and expansion annual EUR values for SBS verticals; for Public/Gov validate one annual value per observed procurement-active buyer. Report P25 / median / P75 for the applicable segment only,analysis2/reference/market_sizing/comparable_contract_observations.csv,required,
Retail,warehouse-automation,industrial-robotics,0,,,,no_awarded_comparable_evidence,,,,,,,,,,,No taxonomy-linked awarded comparable evidence; an external public comparable or approved business assumption is required,Validate greenfield and expansion annual EUR values for SBS verticals; for Public/Gov validate one annual value per observed procurement-active buyer. Report P25 / median / P75 for the applicable segment only,analysis2/reference/market_sizing/comparable_contract_observations.csv,required,
Retail,warehouse-automation,warehouse-automation-systems,0,,,,no_awarded_comparable_evidence,,,,,,,,,,,No taxonomy-linked awarded comparable evidence; an external public comparable or approved business assumption is required,Validate greenfield and expansion annual EUR values for SBS verticals; for Public/Gov validate one annual value per observed procurement-active buyer. Report P25 / median / P75 for the applicable segment only,analysis2/reference/market_sizing/comparable_contract_observations.csv,required,
Transportation & Construction,anomaly-detection,iot-platforms,0,,,,no_awarded_comparable_evidence,,,,,,,,,,,No taxonomy-linked awarded comparable evidence; an external public comparable or approved business assumption is required,Validate greenfield and expansion annual EUR values for SBS verticals; for Public/Gov validate one annual value per observed procurement-active buyer. Report P25 / median / P75 for the applicable segment only,analysis2/reference/market_sizing/comparable_contract_observations.csv,required,
Transportation & Construction,asset-tracking,iot-platforms,0,,,,no_awarded_comparable_evidence,,,,,,,,,,,No taxonomy-linked awarded comparable evidence; an external public comparable or approved business assumption is required,Validate greenfield and expansion annual EUR values for SBS verticals; for Public/Gov validate one annual value per observed procurement-active buyer. Report P25 / median / P75 for the applicable segment only,analysis2/reference/market_sizing/comparable_contract_observations.csv,required,
Transportation & Construction,asset-tracking,machine-learning,0,,,,no_awarded_comparable_evidence,,,,,,,,,,,No taxonomy-linked awarded comparable evidence; an external public comparable or approved business assumption is required,Validate greenfield and expansion annual EUR values for SBS verticals; for Public/Gov validate one annual value per observed procurement-active buyer. Report P25 / median / P75 for the applicable segment only,analysis2/reference/market_sizing/comparable_contract_observations.csv,required,
Transportation & Construction,automated-inspection-defect-detection,industrial-robotics,0,,,,no_awarded_comparable_evidence,,,,,,,,,,,No taxonomy-linked awarded comparable evidence; an external public comparable or approved business assumption is required,Validate greenfield and expansion annual EUR values for SBS verticals; for Public/Gov validate one annual value per observed procurement-active buyer. Report P25 / median / P75 for the applicable segment only,analysis2/reference/market_sizing/comparable_contract_observations.csv,required,
Transportation & Construction,energy-optimization,iot-platforms,1,13000000.0,13000000.0,13000000.0,insufficient_awarded_observations,,,,,,,,,,,"TED awarded comparable contracts exist; currency, scope and duration must be validated",Validate greenfield and expansion annual EUR values for SBS verticals; for Public/Gov validate one annual value per observed procurement-active buyer. Report P25 / median / P75 for the applicable segment only,analysis2/reference/market_sizing/comparable_contract_observations.csv,required,
Transportation & Construction,environmental-emissions-monitoring,digital-twin,0,,,,no_awarded_comparable_evidence,,,,,,,,,,,No taxonomy-linked awarded comparable evidence; an external public comparable or approved business assumption is required,Validate greenfield and expansion annual EUR values for SBS verticals; for Public/Gov validate one annual value per observed procurement-active buyer. Report P25 / median / P75 for the applicable segment only,analysis2/reference/market_sizing/comparable_contract_observations.csv,required,
Transportation & Construction,network-optimization,digital-twin,0,,,,no_awarded_comparable_evidence,,,,,,,,,,,No taxonomy-linked awarded comparable evidence; an external public comparable or approved business assumption is required,Validate greenfield and expansion annual EUR values for SBS verticals; for Public/Gov validate one annual value per observed procurement-active buyer. Report P25 / median / P75 for the applicable segment only,analysis2/reference/market_sizing/comparable_contract_observations.csv,required,
Transportation & Construction,predictive-maintenance,machine-learning,0,,,,no_awarded_comparable_evidence,,,,,,,,,,,No taxonomy-linked awarded comparable evidence; an external public comparable or approved business assumption is required,Validate greenfield and expansion annual EUR values for SBS verticals; for Public/Gov validate one annual value per observed procurement-active buyer. Report P25 / median / P75 for the applicable segment only,analysis2/reference/market_sizing/comparable_contract_observations.csv,required,
Transportation & Construction,route-optimization,cloud-data-platform,0,,,,no_awarded_comparable_evidence,,,,,,,,,,,No taxonomy-linked awarded comparable evidence; an external public comparable or approved business assumption is required,Validate greenfield and expansion annual EUR values for SBS verticals; for Public/Gov validate one annual value per observed procurement-active buyer. Report P25 / median / P75 for the applicable segment only,analysis2/reference/market_sizing/comparable_contract_observations.csv,required,
Transportation & Construction,route-optimization,machine-learning,0,,,,no_awarded_comparable_evidence,,,,,,,,,,,No taxonomy-linked awarded comparable evidence; an external public comparable or approved business assumption is required,Validate greenfield and expansion annual EUR values for SBS verticals; for Public/Gov validate one annual value per observed procurement-active buyer. Report P25 / median / P75 for the applicable segment only,analysis2/reference/market_sizing/comparable_contract_observations.csv,required,
Transportation & Construction,warehouse-automation,warehouse-automation-systems,0,,,,no_awarded_comparable_evidence,,,,,,,,,,,No taxonomy-linked awarded comparable evidence; an external public comparable or approved business assumption is required,Validate greenfield and expansion annual EUR values for SBS verticals; for Public/Gov validate one annual value per observed procurement-active buyer. Report P25 / median / P75 for the applicable segment only,analysis2/reference/market_sizing/comparable_contract_observations.csv,required,
Wholesale,anomaly-detection,cybersecurity-platform,0,,,,no_awarded_comparable_evidence,,,,,,,,,,,No taxonomy-linked awarded comparable evidence; an external public comparable or approved business assumption is required,Validate greenfield and expansion annual EUR values for SBS verticals; for Public/Gov validate one annual value per observed procurement-active buyer. Report P25 / median / P75 for the applicable segment only,analysis2/reference/market_sizing/comparable_contract_observations.csv,required,
Wholesale,asset-tracking,cloud-data-platform,0,,,,no_awarded_comparable_evidence,,,,,,,,,,,No taxonomy-linked awarded comparable evidence; an external public comparable or approved business assumption is required,Validate greenfield and expansion annual EUR values for SBS verticals; for Public/Gov validate one annual value per observed procurement-active buyer. Report P25 / median / P75 for the applicable segment only,analysis2/reference/market_sizing/comparable_contract_observations.csv,required,
Wholesale,asset-tracking,iot-platforms,0,,,,no_awarded_comparable_evidence,,,,,,,,,,,No taxonomy-linked awarded comparable evidence; an external public comparable or approved business assumption is required,Validate greenfield and expansion annual EUR values for SBS verticals; for Public/Gov validate one annual value per observed procurement-active buyer. Report P25 / median / P75 for the applicable segment only,analysis2/reference/market_sizing/comparable_contract_observations.csv,required,
Wholesale,asset-tracking,rfid-asset-tagging,0,,,,no_awarded_comparable_evidence,,,,,,,,,,,No taxonomy-linked awarded comparable evidence; an external public comparable or approved business assumption is required,Validate greenfield and expansion annual EUR values for SBS verticals; for Public/Gov validate one annual value per observed procurement-active buyer. Report P25 / median / P75 for the applicable segment only,analysis2/reference/market_sizing/comparable_contract_observations.csv,required,
Wholesale,compliance-monitoring,cybersecurity-platform,0,,,,no_awarded_comparable_evidence,,,,,,,,,,,No taxonomy-linked awarded comparable evidence; an external public comparable or approved business assumption is required,Validate greenfield and expansion annual EUR values for SBS verticals; for Public/Gov validate one annual value per observed procurement-active buyer. Report P25 / median / P75 for the applicable segment only,analysis2/reference/market_sizing/comparable_contract_observations.csv,required,
Wholesale,energy-optimization,iot-platforms,0,,,,no_awarded_comparable_evidence,,,,,,,,,,,No taxonomy-linked awarded comparable evidence; an external public comparable or approved business assumption is required,Validate greenfield and expansion annual EUR values for SBS verticals; for Public/Gov validate one annual value per observed procurement-active buyer. Report P25 / median / P75 for the applicable segment only,analysis2/reference/market_sizing/comparable_contract_observations.csv,required,
Wholesale,environmental-emissions-monitoring,iot-platforms,0,,,,no_awarded_comparable_evidence,,,,,,,,,,,No taxonomy-linked awarded comparable evidence; an external public comparable or approved business assumption is required,Validate greenfield and expansion annual EUR values for SBS verticals; for Public/Gov validate one annual value per observed procurement-active buyer. Report P25 / median / P75 for the applicable segment only,analysis2/reference/market_sizing/comparable_contract_observations.csv,required,
Wholesale,inventory-optimization,machine-learning,0,,,,no_awarded_comparable_evidence,,,,,,,,,,,No taxonomy-linked awarded comparable evidence; an external public comparable or approved business assumption is required,Validate greenfield and expansion annual EUR values for SBS verticals; for Public/Gov validate one annual value per observed procurement-active buyer. Report P25 / median / P75 for the applicable segment only,analysis2/reference/market_sizing/comparable_contract_observations.csv,required,
Wholesale,production-scheduling,cloud-data-platform,0,,,,no_awarded_comparable_evidence,,,,,,,,,,,No taxonomy-linked awarded comparable evidence; an external public comparable or approved business assumption is required,Validate greenfield and expansion annual EUR values for SBS verticals; for Public/Gov validate one annual value per observed procurement-active buyer. Report P25 / median / P75 for the applicable segment only,analysis2/reference/market_sizing/comparable_contract_observations.csv,required,
Wholesale,route-optimization,digital-twin,0,,,,no_awarded_comparable_evidence,,,,,,,,,,,No taxonomy-linked awarded comparable evidence; an external public comparable or approved business assumption is required,Validate greenfield and expansion annual EUR values for SBS verticals; for Public/Gov validate one annual value per observed procurement-active buyer. Report P25 / median / P75 for the applicable segment only,analysis2/reference/market_sizing/comparable_contract_observations.csv,required,
Wholesale,warehouse-automation,warehouse-automation-systems,0,,,,no_awarded_comparable_evidence,,,,,,,,,,,No taxonomy-linked awarded comparable evidence; an external public comparable or approved business assumption is required,Validate greenfield and expansion annual EUR values for SBS verticals; for Public/Gov validate one annual value per observed procurement-active buyer. Report P25 / median / P75 for the applicable segment only,analysis2/reference/market_sizing/comparable_contract_observations.csv,required,
